mean_fit_time,std_fit_time,mean_score_time,std_score_time,param_KNN__metric,param_KNN__n_neighbors,param_KNN__weights,params,split0_test_score,split1_test_score,split2_test_score,split3_test_score,split4_test_score,mean_test_score,std_test_score,rank_test_score,split0_train_score,split1_train_score,split2_train_score,split3_train_score,split4_train_score,mean_train_score,std_train_score
0.00903821,0.001820041,0.122478199,0.008675209,manhattan,1,uniform,"{'KNN__metric': 'manhattan', 'KNN__n_neighbors': 1, 'KNN__weights': 'uniform'}",0.889189842,0.883393903,0.902988088,0.926610135,0.900060809,0.900445179,0.014891905,13,1,1,1,1,1,1,0
0.007967091,0.001429654,0.105439758,0.009217021,manhattan,1,distance,"{'KNN__metric': 'manhattan', 'KNN__n_neighbors': 1, 'KNN__weights': 'distance'}",0.889189842,0.883393903,0.902988088,0.926610135,0.900060809,0.900445179,0.014891905,13,1,1,1,1,1,1,0
0.010969019,0.004160909,0.164487362,0.014079038,manhattan,4,uniform,"{'KNN__metric': 'manhattan', 'KNN__n_neighbors': 4, 'KNN__weights': 'uniform'}",0.899923475,0.885958005,0.907106804,0.923864325,0.908766596,0.905121095,0.012351534,5,0.944380763,0.948194128,0.939572334,0.937774194,0.941129311,0.942210146,0.003696581
0.009625006,0.001867588,0.145170879,0.012274874,manhattan,4,distance,"{'KNN__metric': 'manhattan', 'KNN__n_neighbors': 4, 'KNN__weights': 'distance'}",0.893026159,0.893054714,0.907934585,0.938057743,0.911011452,0.908611345,0.016483834,2,1,1,1,1,1,1,0
0.008104181,0.001692829,0.151263475,0.004198616,manhattan,7,uniform,"{'KNN__metric': 'manhattan', 'KNN__n_neighbors': 7, 'KNN__weights': 'uniform'}",0.877076746,0.871310317,0.888935998,0.919473047,0.906151819,0.892580556,0.017964111,31,0.914789377,0.921498155,0.915290817,0.906275818,0.915142159,0.914599265,0.004851465
0.007611179,0.001252074,0.136757851,0.003562073,manhattan,7,distance,"{'KNN__metric': 'manhattan', 'KNN__n_neighbors': 7, 'KNN__weights': 'distance'}",0.89351451,0.8883404,0.896810014,0.930597618,0.912080673,0.904262877,0.015357857,7,1,1,1,1,1,1,0
0.009833908,0.001898591,0.184217548,0.022362063,manhattan,10,uniform,"{'KNN__metric': 'manhattan', 'KNN__n_neighbors': 10, 'KNN__weights': 'uniform'}",0.88888777,0.887058348,0.901524329,0.913658389,0.918009527,0.901818629,0.012548604,11,0.920427561,0.925635645,0.915807727,0.912580353,0.915212147,0.917932687,0.004607043
0.009501982,0.002768427,0.169250965,0.033111309,manhattan,10,distance,"{'KNN__metric': 'manhattan', 'KNN__n_neighbors': 10, 'KNN__weights': 'distance'}",0.900009062,0.893559459,0.904593176,0.927347062,0.915339009,0.908164793,0.011933485,3,1,1,1,1,1,1,0
0.008194447,0.001706838,0.159829283,0.004006423,manhattan,13,uniform,"{'KNN__metric': 'manhattan', 'KNN__n_neighbors': 13, 'KNN__weights': 'uniform'}",0.873039048,0.85418938,0.88413083,0.899697153,0.897446032,0.881692909,0.016788815,54,0.898634268,0.900415295,0.898148844,0.890808279,0.891965578,0.895994453,0.003854403
0.010117197,0.002483413,0.169118977,0.019459366,manhattan,13,distance,"{'KNN__metric': 'manhattan', 'KNN__n_neighbors': 13, 'KNN__weights': 'distance'}",0.896661095,0.888249546,0.89859681,0.9233192,0.906045404,0.902571497,0.011818799,10,1,1,1,1,1,1,0
0.009795094,0.00233072,0.184841299,0.009295291,manhattan,16,uniform,"{'KNN__metric': 'manhattan', 'KNN__n_neighbors': 16, 'KNN__weights': 'uniform'}",0.880324023,0.864627498,0.895850999,0.895760145,0.889647309,0.8852391,0.011762147,45,0.903091449,0.902706046,0.899798979,0.893074731,0.891278304,0.897989902,0.004914163
0.008714247,0.002277225,0.16565938,0.020340967,manhattan,16,distance,"{'KNN__metric': 'manhattan', 'KNN__n_neighbors': 16, 'KNN__weights': 'distance'}",0.890755583,0.881657581,0.908944074,0.915445185,0.902787068,0.899914162,0.012233604,16,1,1,1,1,1,1,0
0.007991028,0.001300536,0.154948807,0.004581722,manhattan,19,uniform,"{'KNN__metric': 'manhattan', 'KNN__n_neighbors': 19, 'KNN__weights': 'uniform'}",0.859848561,0.849475066,0.872824551,0.881980618,0.871754333,0.867172928,0.011305832,67,0.88376121,0.881943493,0.876401069,0.875908458,0.873046313,0.878212109,0.003999697
0.008622169,0.001177732,0.149923134,0.004080461,manhattan,19,distance,"{'KNN__metric': 'manhattan', 'KNN__n_neighbors': 19, 'KNN__weights': 'distance'}",0.882881568,0.880971129,0.903038562,0.914758732,0.898728084,0.896070694,0.01270484,21,1,1,1,1,1,1,0
0.009239769,0.00204534,0.181191969,0.013502804,manhattan,22,uniform,"{'KNN__metric': 'manhattan', 'KNN__n_neighbors': 22, 'KNN__weights': 'uniform'}",0.852664277,0.846133656,0.875479507,0.878134464,0.856050471,0.861691424,0.012774316,78,0.875113679,0.882657006,0.874651528,0.875957057,0.872577517,0.876191357,0.003419117
0.007730913,0.001188565,0.142817068,0.003669201,manhattan,22,distance,"{'KNN__metric': 'manhattan', 'KNN__n_neighbors': 22, 'KNN__weights': 'distance'}",0.881502104,0.879598223,0.901665657,0.907571169,0.885588325,0.891183827,0.011294089,35,1,1,1,1,1,1,0
0.008534956,0.001310712,0.163060904,0.003485709,manhattan,25,uniform,"{'KNN__metric': 'manhattan', 'KNN__n_neighbors': 25, 'KNN__weights': 'uniform'}",0.827073726,0.835604684,0.857762972,0.849202504,0.848038918,0.84353005,0.010854434,95,0.861445308,0.866056242,0.854750492,0.852903753,0.851220952,0.857275349,0.005597037
0.008884192,0.001602815,0.158823824,0.007942077,manhattan,25,distance,"{'KNN__metric': 'manhattan', 'KNN__n_neighbors': 25, 'KNN__weights': 'distance'}",0.863785569,0.876256814,0.900383606,0.906198264,0.884894091,0.886297113,0.015522981,41,1,1,1,1,1,1,0
0.008683348,0.00075867,0.186863995,0.030775017,manhattan,28,uniform,"{'KNN__metric': 'manhattan', 'KNN__n_neighbors': 28, 'KNN__weights': 'uniform'}",0.83425801,0.837573188,0.856480921,0.857762972,0.842804297,0.845773223,0.009667019,93,0.865237779,0.866080541,0.853444962,0.856031721,0.848611833,0.857881367,0.006787789
0.009412336,0.002235776,0.167882061,0.007425364,manhattan,28,distance,"{'KNN__metric': 'manhattan', 'KNN__n_neighbors': 28, 'KNN__weights': 'distance'}",0.866343114,0.874974763,0.885322027,0.895073693,0.880247289,0.880387859,0.009663356,55,1,1,1,1,1,1,0
0.00792613,0.00111939,0.163579941,0.001958968,manhattan,31,uniform,"{'KNN__metric': 'manhattan', 'KNN__n_neighbors': 31, 'KNN__weights': 'uniform'}",0.81919971,0.832263275,0.835422976,0.839359984,0.826299787,0.830506941,0.007090178,96,0.848613743,0.846696415,0.837977424,0.839430957,0.837121117,0.841967931,0.00474083
0.007983112,0.001345716,0.146380854,0.006227484,manhattan,31,distance,"{'KNN__metric': 'manhattan', 'KNN__n_neighbors': 31, 'KNN__weights': 'distance'}",0.857880057,0.878225318,0.874793055,0.891136685,0.869083815,0.874220306,0.010920558,61,1,1,1,1,1,1,0
0.008814716,0.001651006,0.184144068,0.01765934,manhattan,34,uniform,"{'KNN__metric': 'manhattan', 'KNN__n_neighbors': 34, 'KNN__weights': 'uniform'}",0.821168214,0.834231779,0.830203917,0.834736523,0.827581838,0.829582462,0.004969356,97,0.849747379,0.848642559,0.837484813,0.833839935,0.838917802,0.841726498,0.006328428
0.008240318,0.001382935,0.155081654,0.009091378,manhattan,34,distance,"{'KNN__metric': 'manhattan', 'KNN__n_neighbors': 34, 'KNN__weights': 'distance'}",0.853943049,0.871633354,0.870856047,0.891136685,0.865719064,0.870653982,0.012037821,64,1,1,1,1,1,1,0
0.010132837,0.002650824,0.193282557,0.015506267,manhattan,37,uniform,"{'KNN__metric': 'manhattan', 'KNN__n_neighbors': 37, 'KNN__weights': 'uniform'}",0.813883239,0.813860287,0.824894004,0.815051484,0.813747846,0.816287414,0.004329441,99,0.839058355,0.83036736,0.825958161,0.819209614,0.82575556,0.82806981,0.006547439
0.008176374,0.001722389,0.157189417,0.006915348,manhattan,37,distance,"{'KNN__metric': 'manhattan', 'KNN__n_neighbors': 37, 'KNN__weights': 'distance'}",0.856500594,0.867696346,0.870169594,0.885231173,0.862460728,0.868409836,0.009632761,66,1,1,1,1,1,1,0
0.009101439,0.00178324,0.175623941,0.001400991,manhattan,40,uniform,"{'KNN__metric': 'manhattan', 'KNN__n_neighbors': 40, 'KNN__weights': 'uniform'}",0.812604467,0.817797295,0.824894004,0.8229255,0.815029898,0.818649479,0.004640789,98,0.835437982,0.8367956,0.826130465,0.819209614,0.825607071,0.828636146,0.006590218
0.008753586,0.002321153,0.156091976,0.007037092,manhattan,40,distance,"{'KNN__metric': 'manhattan', 'KNN__n_neighbors': 40, 'KNN__weights': 'distance'}",0.853253318,0.863072885,0.866232586,0.885231173,0.85979021,0.865514004,0.010756495,72,1,1,1,1,1,1,0
0.008548021,0.001253243,0.188392258,0.014818838,manhattan,43,uniform,"{'KNN__metric': 'manhattan', 'KNN__n_neighbors': 43, 'KNN__weights': 'uniform'}",0.807287996,0.809923279,0.820270543,0.811114476,0.795267052,0.808776402,0.008041581,101,0.826398888,0.823126201,0.820859749,0.806894343,0.816405166,0.81873687,0.006755171
0.008670807,0.00171499,0.158063459,0.005248686,manhattan,43,distance,"{'KNN__metric': 'manhattan', 'KNN__n_neighbors': 43, 'KNN__weights': 'distance'}",0.853842359,0.861104381,0.871451645,0.885231173,0.852579305,0.864842165,0.012204063,73,1,1,1,1,1,1,0
0.009115887,0.001396224,0.193173456,0.014533984,manhattan,46,uniform,"{'KNN__metric': 'manhattan', 'KNN__n_neighbors': 46, 'KNN__weights': 'uniform'}",0.811225004,0.811891783,0.8229255,0.817019988,0.792596534,0.811137547,0.010172225,100,0.825585765,0.823791115,0.824628333,0.811648148,0.817561237,0.820642919,0.005303377
0.009027052,0.001722338,0.16515317,0.006010204,manhattan,46,distance,"{'KNN__metric': 'manhattan', 'KNN__n_neighbors': 46, 'KNN__weights': 'distance'}",0.849905351,0.857167373,0.866232586,0.886513224,0.847932502,0.86155082,0.014037473,79,1,1,1,1,1,1,0
0.008730507,0.0017153,0.183865213,0.006688438,manhattan,49,uniform,"{'KNN__metric': 'manhattan', 'KNN__n_neighbors': 49, 'KNN__weights': 'uniform'}",0.797445476,0.800080759,0.812396527,0.807773067,0.790620249,0.801665335,0.007676107,102,0.818172919,0.814727518,0.81312598,0.803742075,0.810007528,0.811955204,0.004877814
0.008881617,0.002136181,0.168013811,0.012761389,manhattan,49,distance,"{'KNN__metric': 'manhattan', 'KNN__n_neighbors': 49, 'KNN__weights': 'distance'}",0.849905351,0.855198869,0.867514638,0.880607712,0.843979933,0.859443141,0.013122135,81,1,1,1,1,1,1,0
0.008430195,0.001553936,0.112760925,0.003712733,euclidean,1,uniform,"{'KNN__metric': 'euclidean', 'KNN__n_neighbors': 1, 'KNN__weights': 'uniform'}",0.886833679,0.885544115,0.896073087,0.914203513,0.87896017,0.892325358,0.012224898,32,1,1,1,1,1,1,0
0.00869422,0.001714543,0.092029905,0.006621592,euclidean,1,distance,"{'KNN__metric': 'euclidean', 'KNN__n_neighbors': 1, 'KNN__weights': 'distance'}",0.886833679,0.885544115,0.896073087,0.914203513,0.87896017,0.892325358,0.012224898,32,1,1,1,1,1,1,0
0.007959986,0.001207317,0.126560163,0.004219446,euclidean,4,uniform,"{'KNN__metric': 'euclidean', 'KNN__n_neighbors': 4, 'KNN__weights': 'uniform'}",0.886244638,0.879911165,0.9051383,0.920199879,0.911862775,0.900663395,0.015269635,12,0.938314703,0.939742429,0.932870176,0.930283417,0.931450098,0.934532164,0.003788605
0.008703756,0.002069718,0.118352175,0.00624851,euclidean,4,distance,"{'KNN__metric': 'euclidean', 'KNN__n_neighbors': 4, 'KNN__weights': 'distance'}",0.891158346,0.886139713,0.911457702,0.922491419,0.913413398,0.904925204,0.013898909,6,1,1,1,1,1,1,0
0.008433867,0.001918708,0.144496298,0.006187003,euclidean,7,uniform,"{'KNN__metric': 'euclidean', 'KNN__n_neighbors': 7, 'KNN__weights': 'uniform'}",0.875309624,0.87620634,0.893650313,0.920250353,0.913200568,0.895711672,0.01848854,22,0.918723948,0.923662992,0.918785482,0.912012636,0.910500852,0.916737182,0.004844022
0.008049822,0.001154266,0.127933741,0.004611433,euclidean,7,distance,"{'KNN__metric': 'euclidean', 'KNN__n_neighbors': 7, 'KNN__weights': 'distance'}",0.889778883,0.893236422,0.901524329,0.932061377,0.922387757,0.907787627,0.016600197,4,1,1,1,1,1,1,0
0.008405828,0.001395385,0.148777008,0.001381009,euclidean,10,uniform,"{'KNN__metric': 'euclidean', 'KNN__n_neighbors': 10, 'KNN__weights': 'uniform'}",0.891848078,0.878174844,0.8808298,0.925560267,0.91282558,0.897841199,0.018464324,19,0.918248705,0.916247322,0.919596192,0.916123617,0.913788733,0.916800914,0.001987365
0.010096073,0.003322301,0.141442442,0.00968003,euclidean,10,distance,"{'KNN__metric': 'euclidean', 'KNN__n_neighbors': 10, 'KNN__weights': 'distance'}",0.902868679,0.891863517,0.897587321,0.933343428,0.918541603,0.908836042,0.015132275,1,1,1,1,1,1,1,0
0.00948205,0.002286241,0.154965401,0.007185844,euclidean,13,uniform,"{'KNN__metric': 'euclidean', 'KNN__n_neighbors': 13, 'KNN__weights': 'uniform'}",0.877867169,0.859771855,0.87808399,0.901251767,0.907378129,0.884861417,0.017316314,47,0.898449539,0.907086527,0.90009057,0.896986901,0.903852896,0.901293286,0.00369301
0.00820241,0.001391963,0.131841564,0.001574923,euclidean,13,distance,"{'KNN__metric': 'euclidean', 'KNN__n_neighbors': 13, 'KNN__weights': 'distance'}",0.894304932,0.885958005,0.890490612,0.928810822,0.917259552,0.903357656,0.016680612,9,1,1,1,1,1,1,0
0.00801568,0.001118633,0.145812321,0.002926785,euclidean,16,uniform,"{'KNN__metric': 'euclidean', 'KNN__n_neighbors': 16, 'KNN__weights': 'uniform'}",0.881315827,0.857803352,0.885271553,0.909812235,0.903744806,0.887582589,0.018365435,39,0.902289377,0.907996642,0.900656078,0.898882237,0.899048283,0.901774524,0.00334749
0.008412266,0.001726278,0.133421898,0.002389509,euclidean,16,distance,"{'KNN__metric': 'euclidean', 'KNN__n_neighbors': 16, 'KNN__weights': 'distance'}",0.884462412,0.885271553,0.905461337,0.926155865,0.919823655,0.904223982,0.017180402,8,1,1,1,1,1,1,0
0.008598804,0.001350641,0.161310387,0.015767445,euclidean,19,uniform,"{'KNN__metric': 'euclidean', 'KNN__n_neighbors': 19, 'KNN__weights': 'uniform'}",0.864087641,0.850524934,0.870209974,0.899283263,0.900861457,0.876982033,0.019894968,59,0.892835039,0.899721664,0.887799598,0.885484548,0.884019367,0.889972043,0.005719149
0.008600569,0.001341791,0.139853621,0.006004837,euclidean,19,distance,"{'KNN__metric': 'euclidean', 'KNN__n_neighbors': 19, 'KNN__weights': 'distance'}",0.883772681,0.885271553,0.893741167,0.92290531,0.911330698,0.899395723,0.0153026,17,1,1,1,1,1,1,0
0.009906197,0.001423963,0.195417213,0.056649061,euclidean,22,uniform,"{'KNN__metric': 'euclidean', 'KNN__n_neighbors': 22, 'KNN__weights': 'uniform'}",0.858383511,0.849929336,0.878770442,0.899283263,0.900167224,0.877293779,0.020567286,58,0.891155109,0.894400141,0.890163246,0.887355586,0.881777215,0.888970259,0.004243288
0.009493732,0.002491918,0.138401985,0.004829718,euclidean,22,distance,"{'KNN__metric': 'euclidean', 'KNN__n_neighbors': 22, 'KNN__weights': 'distance'}",0.874619892,0.880648092,0.905461337,0.92478296,0.915871085,0.900263862,0.019569465,15,1,1,1,1,1,1,0
0.008574677,0.001660044,0.160531187,0.005214131,euclidean,25,uniform,"{'KNN__metric': 'euclidean', 'KNN__n_neighbors': 25, 'KNN__weights': 'uniform'}",0.845193024,0.84205532,0.870209974,0.892691298,0.883662714,0.866750519,0.020227556,68,0.883374384,0.887947602,0.883045793,0.877183061,0.876145352,0.881539238,0.004353731
0.008635187,0.001963874,0.147344589,0.008382935,euclidean,25,distance,"{'KNN__metric': 'euclidean', 'KNN__n_neighbors': 25, 'KNN__weights': 'distance'}",0.870682885,0.8845851,0.899555825,0.922814456,0.911812101,0.8978773,0.018632893,18,1,1,1,1,1,1,0
0.008253813,0.001348432,0.177412558,0.023373029,euclidean,28,uniform,"{'KNN__metric': 'euclidean', 'KNN__n_neighbors': 28, 'KNN__weights': 'uniform'}",0.852477999,0.842741773,0.876115486,0.903220271,0.884463363,0.871793845,0.02183698,63,0.882976506,0.886394663,0.88082794,0.873339371,0.876809296,0.880069555,0.004581641
0.009789801,0.001890061,0.172331905,0.015393076,euclidean,28,distance,"{'KNN__metric': 'euclidean', 'KNN__n_neighbors': 28, 'KNN__weights': 'distance'}",0.871271925,0.871492025,0.906056935,0.927437916,0.91053005,0.897345578,0.022379876,20,1,1,1,1,1,1,0
0.008320189,0.001146799,0.177834082,0.024057658,euclidean,31,uniform,"{'KNN__metric': 'euclidean', 'KNN__n_neighbors': 31, 'KNN__weights': 'uniform'}",0.843813561,0.837522714,0.871492025,0.897314759,0.882968481,0.866610148,0.022805068,70,0.877682519,0.880631337,0.872897568,0.869990501,0.872505322,0.874741449,0.003855187
0.008436489,0.00127853,0.153262234,0.017484831,euclidean,31,distance,"{'KNN__metric': 'euclidean', 'KNN__n_neighbors': 31, 'KNN__weights': 'distance'}",0.862808869,0.873460529,0.898273773,0.927437916,0.907859532,0.893954133,0.023342684,26,1,1,1,1,1,1,0
0.008952093,0.001186758,0.211757994,0.04626263,euclidean,34,uniform,"{'KNN__metric': 'euclidean', 'KNN__n_neighbors': 34, 'KNN__weights': 'uniform'}",0.841256016,0.844114678,0.870209974,0.896628306,0.881098612,0.866649144,0.021323728,69,0.875438929,0.884128211,0.875532925,0.870876317,0.87385654,0.875966585,0.004414561
0.009892559,0.003573418,0.168143463,0.020924584,euclidean,34,distance,"{'KNN__metric': 'euclidean', 'KNN__n_neighbors': 34, 'KNN__weights': 'distance'}",0.869303421,0.875429033,0.89630527,0.926751464,0.908553765,0.895256401,0.021153307,23,1,1,1,1,1,1,0
0.009320593,0.001924611,0.209147358,0.052467583,euclidean,37,uniform,"{'KNN__metric': 'euclidean', 'KNN__n_neighbors': 37, 'KNN__weights': 'uniform'}",0.839876553,0.845992328,0.867555017,0.890036342,0.877840276,0.864248313,0.018913473,75,0.873100606,0.873069871,0.869597296,0.86361086,0.870661977,0.870008122,0.003477328
0.008323622,0.001489191,0.147684479,0.001750015,euclidean,37,distance,"{'KNN__metric': 'euclidean', 'KNN__n_neighbors': 37, 'KNN__weights': 'distance'}",0.86339791,0.877397537,0.896900868,0.924096507,0.905295429,0.893404639,0.021229296,27,1,1,1,1,1,1,0
0.007804155,0.001316046,0.161660433,0.004963732,euclidean,40,uniform,"{'KNN__metric': 'euclidean', 'KNN__n_neighbors': 40, 'KNN__weights': 'uniform'}",0.845782065,0.847274379,0.867555017,0.892004846,0.875169758,0.865548086,0.017445064,71,0.875290514,0.875581524,0.8743754,0.86410347,0.87149774,0.87216973,0.00428394
0.011145496,0.003209722,0.173675394,0.0216972,euclidean,40,distance,"{'KNN__metric': 'euclidean', 'KNN__n_neighbors': 40, 'KNN__weights': 'distance'}",0.866645186,0.87474258,0.89296386,0.924096507,0.905295429,0.892736709,0.020719934,29,1,1,1,1,1,1,0
0.008433867,0.001266907,0.174872303,0.013984527,euclidean,43,uniform,"{'KNN__metric': 'euclidean', 'KNN__n_neighbors': 43, 'KNN__weights': 'uniform'}",0.845782065,0.842650919,0.865495659,0.887381385,0.880297963,0.864310879,0.01789886,74,0.871153846,0.869128985,0.868119464,0.858808456,0.865248591,0.866491868,0.004287611
0.008673429,0.001146438,0.154973745,0.00487358,euclidean,43,distance,"{'KNN__metric': 'euclidean', 'KNN__n_neighbors': 43, 'KNN__weights': 'distance'}",0.871271925,0.87474258,0.894245912,0.922128003,0.909141583,0.89429424,0.019534274,25,1,1,1,1,1,1,0
0.008993721,0.001369069,0.170757198,0.005099045,euclidean,46,uniform,"{'KNN__metric': 'euclidean', 'KNN__n_neighbors': 46, 'KNN__weights': 'uniform'}",0.849130032,0.841368867,0.859681001,0.886099334,0.875169758,0.862281712,0.01643453,76,0.869254452,0.873266474,0.869128985,0.860482891,0.866427991,0.867712159,0.004222508
0.009814262,0.002870087,0.16269989,0.010401693,euclidean,46,distance,"{'KNN__metric': 'euclidean', 'KNN__n_neighbors': 46, 'KNN__weights': 'distance'}",0.871271925,0.872774076,0.890995356,0.920159499,0.907859532,0.892600715,0.019200276,30,1,1,1,1,1,1,0
0.010384512,0.002055601,0.180935192,0.015538018,euclidean,49,uniform,"{'KNN__metric': 'euclidean', 'KNN__n_neighbors': 49, 'KNN__weights': 'uniform'}",0.847161528,0.839400363,0.858994549,0.880193822,0.880297963,0.861199354,0.016747561,80,0.864304661,0.87026221,0.864671188,0.858143542,0.865076773,0.864491675,0.003847269
0.008969784,0.001082701,0.159946346,0.012227875,euclidean,49,distance,"{'KNN__metric': 'euclidean', 'KNN__n_neighbors': 49, 'KNN__weights': 'distance'}",0.873240429,0.871492025,0.894932364,0.918190995,0.909141583,0.89338833,0.018715514,28,1,1,1,1,1,1,0
0.00904541,0.000853037,0.079049683,0.006555686,chebyshev,1,uniform,"{'KNN__metric': 'chebyshev', 'KNN__n_neighbors': 1, 'KNN__weights': 'uniform'}",0.890080955,0.856289118,0.874601252,0.899000606,0.895358265,0.8830644,0.015765254,50,1,1,1,1,1,1,0
0.009744644,0.002150567,0.06300025,0.003131156,chebyshev,1,distance,"{'KNN__metric': 'chebyshev', 'KNN__n_neighbors': 1, 'KNN__weights': 'distance'}",0.890080955,0.856289118,0.874601252,0.899000606,0.895358265,0.8830644,0.015765254,50,1,1,1,1,1,1,0
0.008338642,0.001684216,0.100379467,0.014213899,chebyshev,4,uniform,"{'KNN__metric': 'chebyshev', 'KNN__n_neighbors': 4, 'KNN__weights': 'uniform'}",0.885368629,0.865303856,0.877437916,0.88737129,0.900430729,0.883177806,0.011593257,49,0.91935708,0.919711061,0.917051404,0.914981555,0.920551131,0.918330446,0.002036788
0.008087254,0.001338822,0.078554392,0.005212075,chebyshev,4,distance,"{'KNN__metric': 'chebyshev', 'KNN__n_neighbors': 4, 'KNN__weights': 'distance'}",0.885454216,0.879820311,0.890854028,0.904815263,0.911168542,0.894414486,0.011785725,24,1,1,1,1,1,1,0
0.008529711,0.001213491,0.105421782,0.005581786,chebyshev,7,uniform,"{'KNN__metric': 'chebyshev', 'KNN__n_neighbors': 7, 'KNN__weights': 'uniform'}",0.868628794,0.860135272,0.869977791,0.882384413,0.90048647,0.876312654,0.01400931,60,0.904935582,0.903114714,0.904148534,0.900035344,0.89408667,0.901264169,0.003956005
0.008245182,0.001466941,0.084609127,0.003131065,chebyshev,7,distance,"{'KNN__metric': 'chebyshev', 'KNN__n_neighbors': 7, 'KNN__weights': 'distance'}",0.879750086,0.881788815,0.881102362,0.907288512,0.910367893,0.892050025,0.013739737,34,1,1,1,1,1,1,0
0.009139061,0.001633671,0.114772749,0.007349258,chebyshev,10,uniform,"{'KNN__metric': 'chebyshev', 'KNN__n_neighbors': 10, 'KNN__weights': 'uniform'}",0.869519907,0.855188774,0.865717747,0.878719968,0.878904429,0.86960725,0.008858592,65,0.892459265,0.89091873,0.89480881,0.892741169,0.886515937,0.891488782,0.002778022
0.008095551,0.001446738,0.091218376,0.001739109,chebyshev,10,distance,"{'KNN__metric': 'chebyshev', 'KNN__n_neighbors': 10, 'KNN__weights': 'distance'}",0.882997362,0.879224712,0.888885524,0.904633555,0.895677511,0.890279795,0.009081801,36,1,1,1,1,1,1,0
0.009124184,0.001595542,0.118683147,0.007089822,chebyshev,13,uniform,"{'KNN__metric': 'chebyshev', 'KNN__n_neighbors': 13, 'KNN__weights': 'uniform'}",0.862723282,0.836099334,0.86306279,0.87519685,0.872068511,0.861827251,0.013767521,77,0.881996021,0.881017915,0.884883695,0.883308666,0.878079807,0.881857221,0.002291672
0.00839777,0.001360139,0.09770937,0.006516517,chebyshev,13,distance,"{'KNN__metric': 'chebyshev', 'KNN__n_neighbors': 13, 'KNN__weights': 'distance'}",0.875813078,0.879911165,0.887785181,0.902069453,0.898241613,0.888757133,0.01013941,37,1,1,1,1,1,1,0
0.008661652,0.00189934,0.11748333,0.009546784,chebyshev,16,uniform,"{'KNN__metric': 'chebyshev', 'KNN__n_neighbors': 16, 'KNN__weights': 'uniform'}",0.862924663,0.841409247,0.849555825,0.875974157,0.865658255,0.85910358,0.012217903,82,0.876220475,0.876138196,0.882886744,0.873058826,0.877946135,0.877250075,0.003228605
0.008865166,0.001451946,0.104961061,0.004419143,chebyshev,16,distance,"{'KNN__metric': 'chebyshev', 'KNN__n_neighbors': 16, 'KNN__weights': 'distance'}",0.874534305,0.879224712,0.888380779,0.900696548,0.896265329,0.887813586,0.009879224,38,1,1,1,1,1,1,0
0.008852243,0.002261637,0.116976976,0.006617735,chebyshev,19,uniform,"{'KNN__metric': 'chebyshev', 'KNN__n_neighbors': 19, 'KNN__weights': 'uniform'}",0.849145136,0.839349889,0.851847365,0.866131637,0.864857606,0.854261447,0.010073781,83,0.867235064,0.870966887,0.872000707,0.860694957,0.867081217,0.867595766,0.003969483
0.008424377,0.001734564,0.098387051,0.003230426,chebyshev,19,distance,"{'KNN__metric': 'chebyshev', 'KNN__n_neighbors': 19, 'KNN__weights': 'distance'}",0.864792476,0.887694327,0.88503937,0.898818898,0.896265329,0.886512306,0.012020617,40,1,1,1,1,1,1,0
0.008454037,0.001522067,0.120366907,0.00682023,chebyshev,22,uniform,"{'KNN__metric': 'chebyshev', 'KNN__n_neighbors': 22, 'KNN__weights': 'uniform'}",0.849245826,0.834998991,0.848687664,0.859539673,0.865070437,0.851503604,0.010332365,86,0.867501895,0.8675893,0.864757339,0.85882171,0.863822971,0.864498643,0.003203832
0.009158659,0.002130723,0.108948517,0.006915832,chebyshev,22,distance,"{'KNN__metric': 'chebyshev', 'KNN__n_neighbors': 22, 'KNN__weights': 'distance'}",0.860165737,0.879820311,0.888289925,0.899919241,0.896265329,0.884880898,0.014174445,46,1,1,1,1,1,1,0
0.008222008,0.001752241,0.12300415,0.004226289,chebyshev,25,uniform,"{'KNN__metric': 'chebyshev', 'KNN__n_neighbors': 25, 'KNN__weights': 'uniform'}",0.852392412,0.830193822,0.838845144,0.865354331,0.868810175,0.851114078,0.014867891,87,0.859869584,0.862837704,0.860743555,0.860891559,0.859987793,0.860866039,0.001064646
0.009184647,0.002004643,0.113606882,0.006030957,chebyshev,25,distance,"{'KNN__metric': 'chebyshev', 'KNN__n_neighbors': 25, 'KNN__weights': 'distance'}",0.868039753,0.880506764,0.877942661,0.899323642,0.898241613,0.884801507,0.012150141,48,1,1,1,1,1,1,0
0.008876753,0.001459424,0.1341362,0.010176454,chebyshev,28,uniform,"{'KNN__metric': 'chebyshev', 'KNN__n_neighbors': 28, 'KNN__weights': 'uniform'}",0.846688282,0.832434888,0.840308904,0.864758732,0.864376204,0.849707909,0.012939729,89,0.856806556,0.864437032,0.860964457,0.860027834,0.857370162,0.859921208,0.002745953
0.008504295,0.001922668,0.112366629,0.00707919,chebyshev,28,distance,"{'KNN__metric': 'chebyshev', 'KNN__n_neighbors': 28, 'KNN__weights': 'distance'}",0.866071249,0.882566122,0.881193216,0.901201292,0.897653795,0.885727327,0.012641013,42,1,1,1,1,1,1,0
0.008054447,0.001091264,0.122921228,0.001797527,chebyshev,31,uniform,"{'KNN__metric': 'chebyshev', 'KNN__n_neighbors': 31, 'KNN__weights': 'uniform'}",0.845897859,0.83225318,0.844750656,0.862699374,0.86368197,0.849851085,0.01189477,88,0.861074271,0.860767854,0.859734034,0.853550995,0.855675307,0.858160492,0.003006263
0.008565426,0.001400489,0.108662653,0.003961947,chebyshev,31,distance,"{'KNN__metric': 'chebyshev', 'KNN__n_neighbors': 31, 'KNN__weights': 'distance'}",0.869907566,0.878629114,0.877942661,0.903169796,0.897653795,0.88545197,0.012708419,44,1,1,1,1,1,1,0
0.008341694,0.001145144,0.132682419,0.006063309,chebyshev,34,uniform,"{'KNN__metric': 'chebyshev', 'KNN__n_neighbors': 34, 'KNN__weights': 'uniform'}",0.843441005,0.827902281,0.839622451,0.863385827,0.863788386,0.847621671,0.01399866,91,0.860872174,0.860200137,0.858229694,0.852687269,0.854612554,0.857320366,0.003179092
0.007745457,0.001236892,0.107448578,0.002429005,chebyshev,34,distance,"{'KNN__metric': 'chebyshev', 'KNN__n_neighbors': 34, 'KNN__weights': 'distance'}",0.86666029,0.881879669,0.879911165,0.903856249,0.896371744,0.885726596,0.013073134,43,1,1,1,1,1,1,0
0.008902645,0.000975484,0.132512569,0.00310823,chebyshev,37,uniform,"{'KNN__metric': 'chebyshev', 'KNN__n_neighbors': 37, 'KNN__weights': 'uniform'}",0.847866363,0.834221684,0.851433475,0.859357965,0.865070437,0.851584642,0.010557945,85,0.861958444,0.856482361,0.861432769,0.855718041,0.8602296,0.859164243,0.002575172
0.009788847,0.002622138,0.130628204,0.007799553,chebyshev,37,distance,"{'KNN__metric': 'chebyshev', 'KNN__n_neighbors': 37, 'KNN__weights': 'distance'}",0.859576696,0.881193216,0.877347062,0.901201292,0.893113408,0.88247592,0.014260149,52,1,1,1,1,1,1,0
0.009203339,0.002132756,0.139230824,0.01109828,chebyshev,40,uniform,"{'KNN__metric': 'chebyshev', 'KNN__n_neighbors': 40, 'KNN__weights': 'uniform'}",0.842851964,0.841500101,0.847496467,0.861417323,0.865070437,0.851660358,0.009726525,84,0.863014715,0.858870309,0.86473304,0.857416775,0.855253169,0.859857602,0.003517682
0.008515072,0.001923693,0.123243713,0.009919124,chebyshev,40,distance,"{'KNN__metric': 'chebyshev', 'KNN__n_neighbors': 40, 'KNN__weights': 'distance'}",0.8615452,0.878629114,0.880002019,0.899232788,0.890549306,0.881982678,0.012683438,53,1,1,1,1,1,1,0
0.008264208,0.001201154,0.13779211,0.017193317,chebyshev,43,uniform,"{'KNN__metric': 'chebyshev', 'KNN__n_neighbors': 43, 'KNN__weights': 'uniform'}",0.837434803,0.843377751,0.846810014,0.852856854,0.866352488,0.849357401,0.009851346,90,0.858658583,0.855101725,0.859610329,0.853303585,0.853386495,0.856012144,0.00264612
0.008440351,0.001119769,0.12082653,0.009750662,chebyshev,43,distance,"{'KNN__metric': 'chebyshev', 'KNN__n_neighbors': 43, 'KNN__weights': 'distance'}",0.860855469,0.878033515,0.875469412,0.895386634,0.887985203,0.879537621,0.011754314,56,1,1,1,1,1,1,0
0.008088827,0.001565373,0.126813126,0.00363806,chebyshev,46,uniform,"{'KNN__metric': 'chebyshev', 'KNN__n_neighbors': 46, 'KNN__weights': 'uniform'}",0.834288217,0.831061983,0.844336766,0.85422976,0.869023006,0.846577159,0.013846217,92,0.85732285,0.855470631,0.856924164,0.855987541,0.854394077,0.856019853,0.001045124
0.008045197,0.002245852,0.111574411,0.002392131,chebyshev,46,distance,"{'KNN__metric': 'chebyshev', 'KNN__n_neighbors': 46, 'KNN__weights': 'distance'}",0.857019151,0.870250353,0.876751464,0.895386634,0.887985203,0.877468944,0.013438228,57,1,1,1,1,1,1,0
0.007649183,0.001226412,0.126987934,0.002526356,chebyshev,49,uniform,"{'KNN__metric': 'chebyshev', 'KNN__n_neighbors': 49, 'KNN__weights': 'uniform'}",0.834288217,0.830971129,0.842873006,0.845760145,0.864376204,0.843644396,0.011683301,94,0.857228117,0.852614372,0.85522543,0.85086483,0.854175599,0.85402167,0.002177161
0.00770793,0.00116205,0.11248064,0.003980663,chebyshev,49,distance,"{'KNN__metric': 'chebyshev', 'KNN__n_neighbors': 49, 'KNN__weights': 'distance'}",0.853182834,0.866999798,0.870159499,0.889571977,0.889267254,0.873825066,0.013948764,62,1,1,1,1,1,1,0