mean_fit_time,std_fit_time,mean_score_time,std_score_time,param_KNN__metric,param_KNN__n_neighbors,param_KNN__weights,params,split0_test_score,split1_test_score,split2_test_score,split3_test_score,split4_test_score,mean_test_score,std_test_score,rank_test_score,split0_train_score,split1_train_score,split2_train_score,split3_train_score,split4_train_score,mean_train_score,std_train_score
0.17895746231079102,0.012314103202173837,1.7795971393585206,0.25017392656839943,manhattan,1,uniform,"{'KNN__metric': 'manhattan', 'KNN__n_neighbors': 1, 'KNN__weights': 'uniform'}",0.7197397273167789,0.7138168634647047,0.6856205903766546,0.7308584555050418,0.7256933981422038,0.7151440783573295,0.015828538139374317,77,0.979229819451618,0.9786226106614456,0.9815120198615346,0.9792802610984429,0.9798383707474615,0.9796966163641005,0.0009859536984845806
0.19127206802368163,0.013872630369566038,1.6675093173980713,0.14723777046227685,manhattan,1,distance,"{'KNN__metric': 'manhattan', 'KNN__n_neighbors': 1, 'KNN__weights': 'distance'}",0.7197397273167789,0.7138168634647047,0.6856205903766546,0.7308584555050418,0.7256933981422038,0.7151440783573295,0.015828538139374317,77,0.979229819451618,0.9786226106614456,0.9815120198615346,0.9792802610984429,0.9798383707474615,0.9796966163641005,0.0009859536984845806
0.1773280143737793,0.004961827408773108,1.7137568950653077,0.09102717070029683,manhattan,4,uniform,"{'KNN__metric': 'manhattan', 'KNN__n_neighbors': 4, 'KNN__weights': 'uniform'}",0.7483257975339284,0.7616874115019913,0.7430772950992838,0.786306287421227,0.7703704674186941,0.7619497500632942,0.015530004351875536,1,0.8532815180332263,0.849632642351089,0.8577730456371233,0.8533706806434079,0.8545724000269455,0.8537260573383584,0.00261435897626885
0.17712278366088868,0.0075040522910816,1.5724084377288818,0.0519952311507906,manhattan,4,distance,"{'KNN__metric': 'manhattan', 'KNN__n_neighbors': 4, 'KNN__weights': 'distance'}",0.7361340128916204,0.715338461780209,0.7022446848816157,0.7471410291683589,0.7315965080072144,0.7264896538355964,0.015859996508740468,53,0.9855477357557224,0.9876299376299374,0.9879145388854126,0.9865368592641319,0.9875107693289511,0.9870279681728311,0.0008733553435927546
0.17946462631225585,0.011456772504573979,1.7940451145172118,0.1824188855731296,manhattan,7,uniform,"{'KNN__metric': 'manhattan', 'KNN__n_neighbors': 7, 'KNN__weights': 'uniform'}",0.7314574015262172,0.7317901433951459,0.7192210254682211,0.7434123355212877,0.7416990929378419,0.7335143930977176,0.008676740218058008,23,0.7866357282601244,0.7895222332115536,0.7939870415598571,0.7808837627019445,0.7815607542880271,0.7865179040043013,0.004922291618526967
0.18116278648376466,0.012093836961344058,1.6792434692382812,0.19801735462163592,manhattan,7,distance,"{'KNN__metric': 'manhattan', 'KNN__n_neighbors': 7, 'KNN__weights': 'distance'}",0.7295775187988272,0.7224737364972337,0.7187862830923628,0.7455216808381482,0.7393416921054584,0.7311382558525017,0.010041833860879961,45,0.9846598492584955,0.9873231334396383,0.9869618311365884,0.9862299862299861,0.9869959960869052,0.9864341592303226,0.0009564764428982952
0.1820974349975586,0.01089501657389301,1.6276453971862792,0.013815545910440355,manhattan,10,uniform,"{'KNN__metric': 'manhattan', 'KNN__n_neighbors': 10, 'KNN__weights': 'uniform'}",0.7504723673798077,0.7480392944253457,0.7325020558600305,0.7489831034015922,0.7579117918080538,0.7475810172290864,0.00830208674112519,4,0.7923307214294726,0.792999010960176,0.8005934238943947,0.7844051934961027,0.7866276775367684,0.7913912054633829,0.005650559518007516
0.19047274589538574,0.009311385875666135,1.597458267211914,0.023108386968907987,manhattan,10,distance,"{'KNN__metric': 'manhattan', 'KNN__n_neighbors': 10, 'KNN__weights': 'distance'}",0.7320700846775177,0.7236505090326896,0.716552772311974,0.7490625859787493,0.7418327284796554,0.7326316464604314,0.01178181731180824,31,0.9846598492584955,0.9873231334396383,0.9869618311365884,0.9862299862299861,0.9869959960869052,0.9864341592303226,0.0009564764428982952
0.1769498825073242,0.008650138487635455,1.6738819122314452,0.009039270638049917,manhattan,13,uniform,"{'KNN__metric': 'manhattan', 'KNN__n_neighbors': 13, 'KNN__weights': 'uniform'}",0.7323332856898829,0.7295042540152562,0.7184789953086236,0.7389853306606224,0.7488796013643052,0.7336345465310085,0.010093791225917014,22,0.7575638717243324,0.7666643118099428,0.7690723210140686,0.7592621410803229,0.7606864061409516,0.7626498103539238,0.004439885045242492
0.16997160911560058,0.007415882252831847,1.627847671508789,0.01663478456595874,manhattan,13,distance,"{'KNN__metric': 'manhattan', 'KNN__n_neighbors': 13, 'KNN__weights': 'distance'}",0.7419497094330545,0.7212821233585857,0.7111263494036697,0.7424515571160925,0.7424467532240666,0.7318504131311244,0.013174660014632753,39,0.9846598492584955,0.9873231334396383,0.9869618311365884,0.9862299862299861,0.9869959960869052,0.9864341592303226,0.0009564764428982952
0.18707718849182128,0.00997091594217837,1.7440854549407958,0.15725756555395412,manhattan,16,uniform,"{'KNN__metric': 'manhattan', 'KNN__n_neighbors': 16, 'KNN__weights': 'uniform'}",0.7471509797701261,0.7450563331837634,0.7199329379331056,0.7532223197557876,0.7559758233215855,0.7442662602924337,0.01279346070854391,6,0.7690779078514728,0.7712875683749469,0.7736511717094242,0.7678252950980223,0.7658786476968295,0.7695441181461391,0.002702402116502117
0.21094388961791993,0.025970034593035013,2.134146881103516,0.41205790528735636,manhattan,16,distance,"{'KNN__metric': 'manhattan', 'KNN__n_neighbors': 16, 'KNN__weights': 'distance'}",0.7430426037029418,0.7297740038026864,0.7108190616199305,0.7407431184246728,0.7385494866386294,0.7325853624852493,0.011774611934961767,32,0.9846598492584955,0.9873231334396383,0.9869618311365884,0.9862299862299861,0.9869959960869052,0.9864341592303226,0.0009564764428982952
0.2033144474029541,0.021885462252848258,2.3308560371398928,0.1311004940661342,manhattan,19,uniform,"{'KNN__metric': 'manhattan', 'KNN__n_neighbors': 19, 'KNN__weights': 'uniform'}",0.735523944319913,0.7328769993347919,0.720405218305273,0.7431005192570562,0.7419170149488385,0.7347635641214262,0.008135779940039346,17,0.7529576569445395,0.7576388188038673,0.7585905173283813,0.7522725977271433,0.7530819439910348,0.7549083069589934,0.002649602553739114
0.2058126449584961,0.016327673322400996,2.1915913581848145,0.13713414178293773,manhattan,19,distance,"{'KNN__metric': 'manhattan', 'KNN__n_neighbors': 19, 'KNN__weights': 'distance'}",0.7402885798649482,0.7250896110539797,0.7147614242090397,0.7418375323716814,0.7417881832990509,0.7327522217310144,0.010985243376174465,30,0.9846598492584955,0.9873231334396383,0.9869618311365884,0.9862299862299861,0.9869959960869052,0.9864341592303226,0.0009564764428982952
0.18964900970458984,0.011015926850952191,2.1433824062347413,0.1604462966393657,manhattan,22,uniform,"{'KNN__metric': 'manhattan', 'KNN__n_neighbors': 22, 'KNN__weights': 'uniform'}",0.736921872875654,0.739405118785934,0.7244824557880972,0.7463885649901083,0.7508553111393521,0.7396090123033081,0.009038620012211089,9,0.7589409717295279,0.7592515592515593,0.7664947621258301,0.7561705834433107,0.7592024137478683,0.7600120580596192,0.0034398688205491165
0.19898252487182616,0.01729756520355624,2.09656023979187,0.11921236033652079,manhattan,22,distance,"{'KNN__metric': 'manhattan', 'KNN__n_neighbors': 22, 'KNN__weights': 'distance'}",0.7439167448135455,0.7327945030405778,0.7116959666732431,0.7403915608718626,0.7432341547988697,0.7344061629995033,0.012021717088083807,20,0.9846598492584955,0.9873231334396383,0.9869618311365884,0.9862299862299861,0.9869959960869052,0.9864341592303226,0.0009564764428982952
0.20543699264526366,0.015156157864631732,2.3310436725616457,0.15987358589882936,manhattan,25,uniform,"{'KNN__metric': 'manhattan', 'KNN__n_neighbors': 25, 'KNN__weights': 'uniform'}",0.7314582730527481,0.7324797949552426,0.7159381967444955,0.7327656006393544,0.7442792196732478,0.7313830839086419,0.00903260852425962,44,0.7483514421647467,0.7482742264295662,0.7561401207032274,0.7450294723021996,0.7460789278971097,0.7487748378993699,0.0038980241345930367
0.20221939086914062,0.027964827211365235,2.105787229537964,0.14306423118548828,manhattan,25,distance,"{'KNN__metric': 'manhattan', 'KNN__n_neighbors': 25, 'KNN__weights': 'distance'}",0.7400262503791141,0.7281550685897761,0.7111713077015747,0.7395596141164551,0.7459479170760892,0.7329710335472914,0.012328848675227383,28,0.9846598492584955,0.9873231334396383,0.9869618311365884,0.9862299862299861,0.9869959960869052,0.9864341592303226,0.0009564764428982952
0.1836864471435547,0.014064034326020684,2.033373308181763,0.0951764770871983,manhattan,28,uniform,"{'KNN__metric': 'manhattan', 'KNN__n_neighbors': 28, 'KNN__weights': 'uniform'}",0.7320700846775177,0.7324422569589335,0.7282899434834912,0.7415702612880544,0.7478297325979011,0.7364387891781217,0.007176531606279316,13,0.7526454313221513,0.7534192519629412,0.754534444825707,0.7494100221372949,0.7528330528330528,0.7525684406162294,0.0017111754428779406
0.19552454948425294,0.01571278151023738,2.098289632797241,0.1534948031769155,manhattan,28,distance,"{'KNN__metric': 'manhattan', 'KNN__n_neighbors': 28, 'KNN__weights': 'distance'}",0.7358734264588482,0.7264911750789608,0.7120032544569824,0.7409164952550648,0.7468244090121015,0.7324202006142428,0.012194675598094925,34,0.9846598492584955,0.9873231334396383,0.9869618311365884,0.9862299862299861,0.9869959960869052,0.9864341592303226,0.0009564764428982952
0.19570140838623046,0.0176072112656156,2.2423726081848145,0.20311420979650022,manhattan,31,uniform,"{'KNN__metric': 'manhattan', 'KNN__n_neighbors': 31, 'KNN__weights': 'uniform'}",0.7309780619341614,0.7206601274895114,0.7172948024715715,0.7388071499382044,0.7522916748551189,0.7320041202868501,0.012679518879870854,36,0.7441693324909808,0.7445209212199503,0.7477262176291303,0.7420321965776511,0.7413306049669686,0.7439558545769362,0.0022437872576976255
0.2010401725769043,0.010092795159253262,2.1242789745330812,0.157522340411961,manhattan,31,distance,"{'KNN__metric': 'manhattan', 'KNN__n_neighbors': 31, 'KNN__weights': 'distance'}",0.7344310500500255,0.7270607923485343,0.711478595485314,0.7414414296382668,0.747131421384307,0.7323069158678388,0.012401614395635533,35,0.9846598492584955,0.9873231334396383,0.9869618311365884,0.9862299862299861,0.9869959960869052,0.9864341592303226,0.0009564764428982952
0.21522893905639648,0.02538780823620933,2.2927601814270018,0.126279644039404,manhattan,34,uniform,"{'KNN__metric': 'manhattan', 'KNN__n_neighbors': 34, 'KNN__weights': 'uniform'}",0.734387473723475,0.7279302771002509,0.7252244859476948,0.7447644127678715,0.7563225769823696,0.7377235336982432,0.011477464721639841,11,0.7490104941864144,0.7496982419312517,0.7530347375007569,0.7464449555358645,0.7462358825995189,0.7488848623507612,0.002484716178902979
0.19199414253234864,0.0071492144694616155,2.2101449012756347,0.04349440897891551,manhattan,34,distance,"{'KNN__metric': 'manhattan', 'KNN__n_neighbors': 34, 'KNN__weights': 'distance'}",0.734474626376576,0.7226387290856618,0.7139294774536319,0.7375441630528295,0.7490132369061188,0.7315184060191149,0.012159465922634867,43,0.9846598492584955,0.9873231334396383,0.9869618311365884,0.9862299862299861,0.9869959960869052,0.9864341592303226,0.0009564764428982952
0.19716224670410157,0.006664099261061089,2.276612377166748,0.12855950501951463,manhattan,37,uniform,"{'KNN__metric': 'manhattan', 'KNN__n_neighbors': 37, 'KNN__weights': 'uniform'}",0.7262570027156766,0.7248198612665495,0.7214545362486098,0.741872469768234,0.7582886789733645,0.7345353690863146,0.013798116932719571,19,0.7434797728442625,0.7424853157862866,0.746008517853178,0.7427771245953064,0.739865348956258,0.7429232160070584,0.0019693904234060903
0.20130372047424316,0.015964753908596644,2.1636569499969482,0.09960916573308139,manhattan,37,distance,"{'KNN__metric': 'manhattan', 'KNN__n_neighbors': 37, 'KNN__weights': 'distance'}",0.7338628147518067,0.7256592283235532,0.7164253177198548,0.7378066302444307,0.7522964787471449,0.733208256539113,0.01203738155582814,27,0.9846598492584955,0.9873231334396383,0.9869618311365884,0.9862299862299861,0.9869959960869052,0.9864341592303226,0.0009564764428982952
0.19113802909851074,0.009884286567208932,2.1692304611206055,0.051951325708641236,manhattan,40,uniform,"{'KNN__metric': 'manhattan', 'KNN__n_neighbors': 40, 'KNN__weights': 'uniform'}",0.7367039912429013,0.7284998943698244,0.7304335376680698,0.7455963595232793,0.7570654333765683,0.7396577451063678,0.010550033051456416,8,0.7458810340152923,0.7476727287406899,0.7507478352138546,0.7429539884085339,0.7438511802148164,0.7462213533186375,0.0027930177296089016
0.1982825756072998,0.02040270229312512,2.0469856739044188,0.060003426709861744,manhattan,40,distance,"{'KNN__metric': 'manhattan', 'KNN__n_neighbors': 40, 'KNN__weights': 'distance'}",0.7308464614279788,0.7289870153451837,0.7170398932873333,0.7361427367336154,0.7497560933003174,0.7325526450668682,0.010630528483492748,33,0.9846598492584955,0.9873231334396383,0.9869618311365884,0.9862299862299861,0.9869959960869052,0.9864341592303226,0.0009564764428982952
0.1924898624420166,0.006718813260640874,2.018483829498291,0.027406206915158354,manhattan,43,uniform,"{'KNN__metric': 'manhattan', 'KNN__n_neighbors': 43, 'KNN__weights': 'uniform'}",0.7283111907492686,0.7248648195644546,0.7239503765148328,0.7432293509068437,0.7549608919517339,0.7350605482346845,0.012129203695084745,15,0.744444446870016,0.7440062168217507,0.745920715338191,0.7402501129773856,0.7356962175143993,0.7420635419043486,0.003691932435702807
0.19192605018615722,0.010537674345459536,2.1478364944458006,0.123932074227672,manhattan,43,distance,"{'KNN__metric': 'manhattan', 'KNN__n_neighbors': 43, 'KNN__weights': 'distance'}",0.7330322499677534,0.7257041866214582,0.7177819234469309,0.7372371506806241,0.7505880400557251,0.7328669609738208,0.011062930565902733,29,0.9846598492584955,0.9873231334396383,0.9869618311365884,0.9862299862299861,0.9869959960869052,0.9864341592303226,0.0009564764428982952
0.2073878288269043,0.018818615487318023,2.3732542514801027,0.1427573903365303,manhattan,46,uniform,"{'KNN__metric': 'manhattan', 'KNN__n_neighbors': 46, 'KNN__weights': 'uniform'}",0.730714860921796,0.7278028225081319,0.7282000268876812,0.7466016831090789,0.7600416628453889,0.7386692388374871,0.01273218213897285,10,0.7477976660084149,0.747838241527562,0.7474002381769371,0.7440912895458349,0.7417920872466327,0.7457839045010763,0.0024367035502141305
0.20804963111877442,0.018235316518989266,2.3431745529174806,0.19971485042124001,manhattan,46,distance,"{'KNN__metric': 'manhattan', 'KNN__n_neighbors': 46, 'KNN__weights': 'distance'}",0.7371850738880192,0.7301262498843306,0.716687647205689,0.7378066302444308,0.7497560933003174,0.734311057166026,0.010835824265254354,21,0.9846598492584955,0.9873231334396383,0.9869618311365884,0.9862299862299861,0.9869959960869052,0.9864341592303226,0.0009564764428982952
0.21501359939575196,0.011570785130386698,2.3402093410491944,0.14353888036463025,manhattan,49,uniform,"{'KNN__metric': 'manhattan', 'KNN__n_neighbors': 49, 'KNN__weights': 'uniform'}",0.7267372138342635,0.721626949138634,0.7250446527560747,0.739025071949201,0.7546538795795283,0.7334148787918753,0.012133100335198372,26,0.743942026125442,0.7445310134630523,0.7446309266697616,0.7400088309179219,0.7352359079631807,0.7416697410278716,0.0036406485745356866
0.20333256721496581,0.009798433508381181,2.2658732891082765,0.1473911702403915,manhattan,49,distance,"{'KNN__metric': 'manhattan', 'KNN__n_neighbors': 49, 'KNN__weights': 'distance'}",0.7349557090216939,0.7256592283235532,0.7159006587481865,0.7380690974360318,0.7525144007581415,0.733418047039242,0.012293353449131347,25,0.9846598492584955,0.9873231334396383,0.9869618311365884,0.9862299862299861,0.9869959960869052,0.9864341592303226,0.0009564764428982952
0.20435714721679688,0.005507761293153375,2.0344615459442137,0.04381847931194144,euclidean,1,uniform,"{'KNN__metric': 'euclidean', 'KNN__n_neighbors': 1, 'KNN__weights': 'uniform'}",0.7209197742397674,0.7130748333051072,0.6775184940105072,0.7317349474410539,0.7222813246513903,0.713104279817875,0.018754964807151667,82,0.979229819451618,0.9786226106614456,0.9815120198615346,0.9792802610984429,0.9798383707474615,0.9796966163641005,0.0009859536984845806
0.22851762771606446,0.031333267336331114,1.9872749328613282,0.16410010948541612,euclidean,1,distance,"{'KNN__metric': 'euclidean', 'KNN__n_neighbors': 1, 'KNN__weights': 'distance'}",0.7209197742397674,0.7130748333051072,0.6775184940105072,0.7317349474410539,0.7222813246513903,0.713104279817875,0.018754964807151667,82,0.979229819451618,0.9786226106614456,0.9815120198615346,0.9792802610984429,0.9798383707474615,0.9796966163641005,0.0009859536984845806
0.19219374656677246,0.011815607346033978,2.222381830215454,0.7040047887228121,euclidean,4,uniform,"{'KNN__metric': 'euclidean', 'KNN__n_neighbors': 4, 'KNN__weights': 'uniform'}",0.7538774215364663,0.7539000232211792,0.7395845154892249,0.7774666893759744,0.7662107336416558,0.7582053561387124,0.01279833506679185,2,0.8532286345114479,0.85124134590154,0.8555093555093555,0.8505813051267597,0.8527791891428255,0.8526679660383858,0.0017198611930238257
0.22029190063476561,0.026711867814958705,2.0700186252593995,0.04401022608699004,euclidean,4,distance,"{'KNN__metric': 'euclidean', 'KNN__n_neighbors': 4, 'KNN__weights': 'distance'}",0.7344293069969635,0.7170473135889294,0.7028143021511891,0.7468785619767577,0.734136893454042,0.7270597178808398,0.015396180201949862,51,0.9855477357557224,0.9876299376299374,0.9879145388854126,0.9865368592641319,0.9875107693289511,0.9870279681728311,0.0008733553435927546
0.20231494903564454,0.03401037849380658,1.9497665405273437,0.13801307198484938,euclidean,7,uniform,"{'KNN__metric': 'euclidean', 'KNN__n_neighbors': 7, 'KNN__weights': 'uniform'}",0.7346925080093288,0.7276304096181078,0.7207125060890123,0.7517318030753642,0.7382424742664239,0.734600290313042,0.010470280776665633,18,0.7855429112940865,0.7915134327755688,0.7966352461498093,0.7843524752615662,0.7847225938135028,0.7885533318589066,0.004805495149166968
0.18566384315490722,0.005369987406022937,1.8122136116027832,0.014500019485757094,euclidean,7,distance,"{'KNN__metric': 'euclidean', 'KNN__n_neighbors': 7, 'KNN__weights': 'distance'}",0.7331185310943235,0.7207648846885133,0.7202328054152489,0.7463090824129512,0.7343500115730126,0.7309537397960364,0.009702571829008643,47,0.9846598492584955,0.9873231334396383,0.9869618311365884,0.9862299862299861,0.9869959960869052,0.9864341592303226,0.0009564764428982952
0.18847255706787108,0.012615098261412872,1.8862342357635498,0.016109469586177202,euclidean,10,uniform,"{'KNN__metric': 'euclidean', 'KNN__n_neighbors': 10, 'KNN__weights': 'uniform'}",0.7488983904648024,0.7456857493544338,0.7283872803808972,0.7568221817530711,0.7509492053925871,0.7461475462756677,0.009593709402242115,5,0.792221898165875,0.7923440243828592,0.7967200209918657,0.7877204695386513,0.78353260171442,0.7905078029587342,0.0045016473514062965
0.18957738876342772,0.013453263516538382,1.9054124355316162,0.10708965215920932,euclidean,10,distance,"{'KNN__metric': 'euclidean', 'KNN__n_neighbors': 10, 'KNN__weights': 'distance'}",0.7378404618393393,0.7195806918514612,0.7124829551307458,0.747487782829143,0.7413968844576624,0.7317562164909996,0.01339473961608549,41,0.9846598492584955,0.9873231334396383,0.9869618311365884,0.9862299862299861,0.9869959960869052,0.9864341592303226,0.0009564764428982952
0.1877408504486084,0.009441944070770206,1.9173691749572754,0.05593071381206285,euclidean,13,uniform,"{'KNN__metric': 'euclidean', 'KNN__n_neighbors': 13, 'KNN__weights': 'uniform'}",0.725557166911275,0.7298115417989953,0.7121756673470065,0.7440661015542774,0.7435809084596537,0.7310357998274625,0.011952621422615071,46,0.75654478606678,0.7620814242173465,0.7712401348323678,0.7597335779153961,0.7593745866473138,0.7617949019358408,0.005039151097935802
0.17552413940429687,0.004654172739588629,1.87265305519104,0.044184727277080914,euclidean,13,distance,"{'KNN__metric': 'euclidean', 'KNN__n_neighbors': 13, 'KNN__weights': 'distance'}",0.741337897808285,0.7314003593171926,0.7150237536948738,0.7518654386171778,0.744808957948476,0.7368858095434784,0.012767025380957153,12,0.9846598492584955,0.9873231334396383,0.9869618311365884,0.9862299862299861,0.9869959960869052,0.9864341592303226,0.0009564764428982952
0.1844010829925537,0.0046987255455442105,1.9310533046722411,0.04399111223342184,euclidean,16,uniform,"{'KNN__metric': 'euclidean', 'KNN__n_neighbors': 16, 'KNN__weights': 'uniform'}",0.7446157090914162,0.7465927721024596,0.715465916372328,0.7533114101169965,0.7558024464911935,0.7431559482262396,0.014448024298667645,7,0.7656285815078603,0.7702167813818299,0.7709383767636195,0.7650259650259651,0.7639542548633458,0.7671527919085241,0.0028564290066760718
0.18078813552856446,0.005435642685006551,1.8701305866241456,0.022799436755079207,euclidean,16,distance,"{'KNN__metric': 'euclidean', 'KNN__n_neighbors': 16, 'KNN__weights': 'distance'}",0.7381027913251735,0.7340236541755347,0.7144990947232054,0.7421445447438869,0.7459479170760892,0.7349423999883148,0.010970288763112646,16,0.9846598492584955,0.9873231334396383,0.9869618311365884,0.9862299862299861,0.9869959960869052,0.9864341592303226,0.0009564764428982952
0.17762885093688965,0.005813427563400646,1.9500651836395264,0.07037717408556655,euclidean,19,uniform,"{'KNN__metric': 'euclidean', 'KNN__n_neighbors': 19, 'KNN__weights': 'uniform'}",0.7277865317776003,0.7290695116393979,0.714146848641561,0.7452050606818906,0.7426153261624325,0.7317624003793249,0.011240957279547402,40,0.7531559837950481,0.7531639182124619,0.7596310275921926,0.7508506781234053,0.7479611570520661,0.7529525529550348,0.0038475964893914098
0.1826409339904785,0.00690847782953728,1.8993123054504395,0.06406827163916816,euclidean,19,distance,"{'KNN__metric': 'euclidean', 'KNN__n_neighbors': 19, 'KNN__weights': 'distance'}",0.7410319919959002,0.7265361333768658,0.7130975306982242,0.7435459710631013,0.7429271424266642,0.7334267954497623,0.011926915087486036,24,0.9846598492584955,0.9873231334396383,0.9869618311365884,0.9862299862299861,0.9869959960869052,0.9864341592303226,0.0009564764428982952
0.17831892967224122,0.006765071994539589,1.9804996490478515,0.09659528137858096,euclidean,22,uniform,"{'KNN__metric': 'euclidean', 'KNN__n_neighbors': 22, 'KNN__weights': 'uniform'}",0.7327690489553883,0.7353353016047058,0.7180966315322661,0.7495429751813469,0.744987138670894,0.7361441755599345,0.010912696029240913,14,0.7600368449156067,0.7614183638455483,0.7657852774357627,0.7556148192511829,0.7550233277506004,0.7595757266397403,0.003964330612134143
0.21367363929748534,0.02105183485504535,1.9793796062469482,0.07918953911804383,euclidean,22,distance,"{'KNN__metric': 'euclidean', 'KNN__n_neighbors': 22, 'KNN__weights': 'distance'}",0.7360921796181319,0.7284173980756103,0.7062245854670338,0.7460418113293242,0.7431896096182652,0.7319914297206273,0.014256869155814905,37,0.9846598492584955,0.9873231334396383,0.9869618311365884,0.9862299862299861,0.9869959960869052,0.9864341592303226,0.0009564764428982952
0.21563081741333007,0.019832265194836184,2.084721231460571,0.048915060821782964,euclidean,25,uniform,"{'KNN__metric': 'euclidean', 'KNN__n_neighbors': 25, 'KNN__weights': 'uniform'}",0.7296664145049904,0.7161931059287336,0.7150237536948738,0.7325476786283577,0.7418279245876295,0.7270503667076882,0.010177472957776204,52,0.7477834218400102,0.742507518721111,0.7558131320267242,0.7454786545695636,0.7404667950122495,0.7464099044339317,0.005323976509832749
0.2000959873199463,0.022954866339547325,1.9507575035095215,0.07335621456544895,euclidean,25,distance,"{'KNN__metric': 'euclidean', 'KNN__n_neighbors': 25, 'KNN__weights': 'distance'}",0.737490979700404,0.7220691118160883,0.7057448847932705,0.7431053231490822,0.7393814333940371,0.7295571149262271,0.013900362217460603,48,0.9846598492584955,0.9873231334396383,0.9869618311365884,0.9862299862299861,0.9869959960869052,0.9864341592303226,0.0009564764428982952
0.18993830680847168,0.005919399074133486,2.0339816093444822,0.03031403498091571,euclidean,28,uniform,"{'KNN__metric': 'euclidean', 'KNN__n_neighbors': 28, 'KNN__weights': 'uniform'}",0.7271738486262999,0.7243851188906912,0.7151586285885889,0.7430162327878732,0.7487953148951222,0.7317032013546275,0.012392087289279085,42,0.7495719108928485,0.7489554528389479,0.7553115475445572,0.7490053490053491,0.7486217577126667,0.7502932035988739,0.002527683406805772
0.18401236534118653,0.011063831406501688,1.9216989994049072,0.018359325533824657,euclidean,28,distance,"{'KNN__metric': 'euclidean', 'KNN__n_neighbors': 28, 'KNN__weights': 'distance'}",0.7319393556978662,0.7184340370107185,0.7051752675236971,0.7400845484996572,0.7435411671710752,0.727832972237824,0.014250276430241708,49,0.9846598492584955,0.9873231334396383,0.9869618311365884,0.9862299862299861,0.9869959960869052,0.9864341592303226,0.0009564764428982952
0.19315700531005858,0.018038383245212307,2.2385771751403807,0.2067367237714285,euclidean,31,uniform,"{'KNN__metric': 'euclidean', 'KNN__n_neighbors': 31, 'KNN__weights': 'uniform'}",0.7215795198237424,0.7103245203429751,0.7034214574170715,0.736093387660985,0.7343849489695651,0.7211585538182975,0.012884505518850753,65,0.7400543505073979,0.7375290151989181,0.7439073128393516,0.7389693298784208,0.7354104263195173,0.7391740869487211,0.0028316644969390847
0.186522912979126,0.004779581660169094,2.010948419570923,0.06959478582946627,euclidean,31,distance,"{'KNN__metric': 'euclidean', 'KNN__n_neighbors': 31, 'KNN__weights': 'distance'}",0.7319393556978662,0.7210197938727515,0.7026794272574741,0.7380690974360318,0.7440661015542774,0.7275529487899663,0.014586486970479894,50,0.9846598492584955,0.9873231334396383,0.9869618311365884,0.9862299862299861,0.9869959960869052,0.9864341592303226,0.0009564764428982952
0.1767810344696045,0.003925153422888606,2.0144481658935547,0.0237697057598373,euclidean,34,uniform,"{'KNN__metric': 'euclidean', 'KNN__n_neighbors': 34, 'KNN__weights': 'uniform'}",0.7220161546157787,0.7130001938008182,0.7057448847932705,0.7370589699582061,0.7431450644376607,0.7241903413122545,0.014106284971586452,61,0.7437243795982468,0.7401681367700785,0.7441283329632844,0.7413686777323141,0.7390683027046664,0.741691565953718,0.001968591787405614
0.1789854049682617,0.0026123796004470534,1.9752315521240233,0.018860271075328276,euclidean,34,distance,"{'KNN__metric': 'euclidean', 'KNN__n_neighbors': 34, 'KNN__weights': 'distance'}",0.7294040850191561,0.7211922067627756,0.7002285452891561,0.7369301383084186,0.7427092204156676,0.7260909130034146,0.014815048744341308,54,0.9846598492584955,0.9873231334396383,0.9869618311365884,0.9862299862299861,0.9869959960869052,0.9864341592303226,0.0009564764428982952
0.20108680725097655,0.01368413303689257,2.0650683403015138,0.08200771614451212,euclidean,37,uniform,"{'KNN__metric': 'euclidean', 'KNN__n_neighbors': 37, 'KNN__weights': 'uniform'}",0.7177326017158614,0.7078286800767523,0.7011879466366829,0.72497106746848,0.7425262358012236,0.7188468398171245,0.014370400729038087,73,0.7383584212615114,0.7343116080980159,0.7395303070060352,0.734011934011934,0.7298416298416298,0.7352107800438252,0.0034536784535501453
0.2051905632019043,0.039341339742815264,2.1437015533447266,0.16367539202978806,euclidean,37,distance,"{'KNN__metric': 'euclidean', 'KNN__n_neighbors': 37, 'KNN__weights': 'distance'}",0.7269559669935471,0.7195283132519603,0.7018924387999714,0.7341718308505945,0.7437590891820718,0.7252594763216748,0.014165602611801241,59,0.9846598492584955,0.9873231334396383,0.9869618311365884,0.9862299862299861,0.9869959960869052,0.9864341592303226,0.0009564764428982952
0.20706701278686523,0.04332194691242025,2.213906192779541,0.10658296030114837,euclidean,40,uniform,"{'KNN__metric': 'euclidean', 'KNN__n_neighbors': 40, 'KNN__weights': 'uniform'}",0.7224092130812646,0.7159307764428995,0.7076711077899199,0.7314087195007445,0.7493154453862984,0.7253444221626312,0.014288491012724471,58,0.7406828949040148,0.7389086248309548,0.744193932543447,0.7385447476356567,0.7338163338163338,0.7392293067460814,0.003365476544125284
0.19113512039184571,0.005406438154630295,2.010966348648071,0.051947680727233464,euclidean,40,distance,"{'KNN__metric': 'euclidean', 'KNN__n_neighbors': 40, 'KNN__weights': 'distance'}",0.7310216382607118,0.7208849189790364,0.7016301093141372,0.7304924862761538,0.7442394783846693,0.7256522856333871,0.014124290332034476,57,0.9846598492584955,0.9873231334396383,0.9869618311365884,0.9862299862299861,0.9869959960869052,0.9864341592303226,0.0009564764428982952
0.19082746505737305,0.0022692921411364615,2.0812828063964846,0.03823756544006311,euclidean,43,uniform,"{'KNN__metric': 'euclidean', 'KNN__n_neighbors': 43, 'KNN__weights': 'uniform'}",0.7176010012096787,0.7097549030734016,0.7068317407329163,0.7276848297456994,0.7433581825566312,0.7210435468235163,0.013290361967320698,66,0.7357649456800547,0.7330965020285409,0.7330198009809661,0.7302375211466121,0.7276091912455549,0.7319455922163456,0.0027852417814357364
0.18742446899414061,0.006654422803867204,2.045120286941528,0.0786902078810479,euclidean,43,distance,"{'KNN__metric': 'euclidean', 'KNN__n_neighbors': 43, 'KNN__weights': 'distance'}",0.728005284936884,0.7180817909290743,0.7032940028249526,0.7318493674147637,0.7492311589171153,0.7260901682264832,0.01520531231093387,55,0.9846598492584955,0.9873231334396383,0.9869618311365884,0.9862299862299861,0.9869959960869052,0.9864341592303226,0.0009564764428982952
0.18508687019348144,0.007711634716404704,2.0937243938446044,0.05893871882865194,euclidean,46,uniform,"{'KNN__metric': 'euclidean', 'KNN__n_neighbors': 46, 'KNN__weights': 'uniform'}",0.7207480835131582,0.7104144369387853,0.7102944026482619,0.7286504120429206,0.7501028469611016,0.7240393267400517,0.014736169999559536,62,0.7391822362885961,0.7366994328159376,0.7342904143875016,0.7343867434776526,0.7284097556824829,0.7345937165304341,0.003573926592686445
0.19166688919067382,0.01761164076410296,2.0499101161956785,0.09423094637564512,euclidean,46,distance,"{'KNN__metric': 'euclidean', 'KNN__n_neighbors': 46, 'KNN__weights': 'distance'}",0.7274806259652156,0.7125204931270549,0.7059172976832946,0.7318939125953681,0.7469532406618888,0.7249510066654693,0.014528423053991699,60,0.9846598492584955,0.9873231334396383,0.9869618311365884,0.9862299862299861,0.9869959960869052,0.9864341592303226,0.0009564764428982952
0.18662843704223633,0.01483158736065316,2.0964568614959718,0.023083565547851456,euclidean,49,uniform,"{'KNN__metric': 'euclidean', 'KNN__n_neighbors': 49, 'KNN__weights': 'uniform'}",0.7159398716415725,0.7009107765476568,0.7091102098112101,0.7274223625540984,0.7433581825566312,0.7193454489330008,0.014818092463474418,71,0.7323603711298976,0.7312708152513977,0.7329430999333911,0.7253468889832526,0.7210764392582575,0.7285995229112393,0.004632987342028725
0.20249223709106445,0.009635661600158347,2.075750398635864,0.0406174359717425,euclidean,49,distance,"{'KNN__metric': 'euclidean', 'KNN__n_neighbors': 49, 'KNN__weights': 'distance'}",0.7277429554510498,0.7111638873999787,0.7031591279312375,0.7279966460099309,0.7420061053100475,0.7224121610431193,0.01371605070231699,64,0.9846598492584955,0.9873231334396383,0.9869618311365884,0.9862299862299861,0.9869959960869052,0.9864341592303226,0.0009564764428982952
0.19559860229492188,0.03178745269012029,1.5062104701995849,0.03473514957739416,chebyshev,1,uniform,"{'KNN__metric': 'chebyshev', 'KNN__n_neighbors': 1, 'KNN__weights': 'uniform'}",0.7165037493071363,0.7097095082871674,0.6659685763322062,0.7193544442552001,0.72363820579,0.7070333446957346,0.02102730666420925,89,0.979229819451618,0.9786226106614456,0.9815120198615346,0.9792802610984429,0.9798383707474615,0.9796966163641005,0.0009859536984845806
0.18039536476135254,0.009681603867416072,1.467331552505493,0.05460878677334893,chebyshev,1,distance,"{'KNN__metric': 'chebyshev', 'KNN__n_neighbors': 1, 'KNN__weights': 'distance'}",0.7165037493071363,0.7097095082871674,0.6659685763322062,0.7193544442552001,0.72363820579,0.7070333446957346,0.02102730666420925,89,0.979229819451618,0.9786226106614456,0.9815120198615346,0.9792802610984429,0.9798383707474615,0.9796966163641005,0.0009859536984845806
0.17716875076293945,0.005518956353958886,1.5531768321990966,0.005260868476061683,chebyshev,4,uniform,"{'KNN__metric': 'chebyshev', 'KNN__n_neighbors': 4, 'KNN__weights': 'uniform'}",0.7471884554109596,0.7417879085749005,0.732104414992152,0.7615802184460719,0.7709892960551312,0.7507272941354158,0.013910095189870093,3,0.8475616385006881,0.8471953656419676,0.8533556708313988,0.8443712443712443,0.8458130730858003,0.8476593984862199,0.0030624590476880415
0.17821431159973145,0.0032479604032393744,1.5177467346191407,0.05614390090682949,chebyshev,4,distance,"{'KNN__metric': 'chebyshev', 'KNN__n_neighbors': 4, 'KNN__weights': 'distance'}",0.7256852813113337,0.7167998247062871,0.704005915289837,0.7408863617505381,0.7414112961337402,0.7257552741628459,0.014333131367522862,56,0.9855477357557224,0.9876299376299374,0.9879145388854126,0.9865368592641319,0.9875107693289511,0.9870279681728311,0.0008733553435927546
0.18902177810668946,0.016149631540610408,1.653223180770874,0.12434498399666351,chebyshev,7,uniform,"{'KNN__metric': 'chebyshev', 'KNN__n_neighbors': 7, 'KNN__weights': 'uniform'}",0.7158518474619404,0.706441956654963,0.7061346688712238,0.7340875443814115,0.7366676711168175,0.7198339399766442,0.0131855500565192,68,0.7810424635578506,0.7802969137920595,0.7867448479098964,0.7719996901815083,0.7700829064465428,0.7780333643775715,0.006159274060794015
0.18811473846435547,0.00363703592385867,1.7298202037811279,0.10005219494931439,chebyshev,7,distance,"{'KNN__metric': 'chebyshev', 'KNN__n_neighbors': 7, 'KNN__weights': 'distance'}",0.721796529929964,0.7138919394573229,0.7016301093141372,0.736721824081474,0.7280905402631659,0.7204243863397215,0.012017369516271527,67,0.9846598492584955,0.9873231334396383,0.9869618311365884,0.9862299862299861,0.9869959960869052,0.9864341592303226,0.0009564764428982952
0.1855900764465332,0.010331561268834432,1.7172183513641357,0.07545183346338424,chebyshev,10,uniform,"{'KNN__metric': 'chebyshev', 'KNN__n_neighbors': 10, 'KNN__weights': 'uniform'}",0.7324178237633909,0.7197229870467724,0.712895000113487,0.7436892143889667,0.751043099645822,0.7319512027110688,0.014248143809341567,38,0.7787058196105414,0.7817088186020223,0.7821589326443695,0.7773822682913593,0.7741361014088287,0.7788183881114243,0.002950008364999912
0.21223158836364747,0.043702262036494896,1.599843168258667,0.044595552169754284,chebyshev,10,distance,"{'KNN__metric': 'chebyshev', 'KNN__n_neighbors': 10, 'KNN__weights': 'distance'}",0.7207916598397088,0.7069290776303223,0.6979051179129573,0.7320768972098121,0.7382472781584497,0.7191875853341196,0.015067011278784593,72,0.9846598492584955,0.9873231334396383,0.9869618311365884,0.9862299862299861,0.9869959960869052,0.9864341592303226,0.0009564764428982952
0.18798418045043946,0.004330148079377875,1.6232194423675537,0.021372402957236022,chebyshev,13,uniform,"{'KNN__metric': 'chebyshev', 'KNN__n_neighbors': 13, 'KNN__weights': 'uniform'}",0.7114366940558403,0.7094100772933534,0.6905450517064076,0.7311510562011694,0.7318939125953681,0.7148844286659143,0.015414700465792531,79,0.7484795851050313,0.7505036029307873,0.7561189269927133,0.7434962798599162,0.7471629380720289,0.7491522665920953,0.004165587144597582
0.18333907127380372,0.004533589500621121,1.5549151420593261,0.017104524684203704,chebyshev,13,distance,"{'KNN__metric': 'chebyshev', 'KNN__n_neighbors': 13, 'KNN__weights': 'distance'}",0.7213163188113771,0.7136671479677977,0.6969382962638346,0.7354046842314428,0.731458068573375,0.7197548456036789,0.013725158281978811,69,0.9846598492584955,0.9873231334396383,0.9869618311365884,0.9862299862299861,0.9869959960869052,0.9864341592303226,0.0009564764428982952
0.2053521156311035,0.03940655137108104,1.7026021003723144,0.1735870392682624,chebyshev,16,uniform,"{'KNN__metric': 'chebyshev', 'KNN__n_neighbors': 16, 'KNN__weights': 'uniform'}",0.71654994021328,0.7232982629510453,0.7004459164770853,0.732165987571021,0.7465715496045523,0.7238032691912571,0.015405468945557214,63,0.751806880948441,0.7533536523827786,0.7545374724986376,0.7487874942420396,0.7497192406283315,0.7516409481400457,0.0021534113303555463
0.18288426399230956,0.003518877129430673,1.5715676307678224,0.01977505407584632,chebyshev,16,distance,"{'KNN__metric': 'chebyshev', 'KNN__n_neighbors': 16, 'KNN__weights': 'distance'}",0.7177317301893305,0.7130076141024142,0.6953193610509243,0.7285709294657635,0.7336914416479969,0.7176620718075111,0.013392020072445042,74,0.9846598492584955,0.9873231334396383,0.9869618311365884,0.9862299862299861,0.9869959960869052,0.9864341592303226,0.0009564764428982952
0.18191490173339844,0.007069361406618051,1.6378650188446044,0.022659042647916083,chebyshev,19,uniform,"{'KNN__metric': 'chebyshev', 'KNN__n_neighbors': 19, 'KNN__weights': 'uniform'}",0.7016450934799356,0.711418796584217,0.6986846860688639,0.7196326332752498,0.7265952196907165,0.7115926539805062,0.010538370586331355,84,0.7376449576080449,0.7384686030317098,0.7409634055265124,0.7293813202904111,0.7339562975926612,0.7360829168098679,0.004034465157171093
0.1863555908203125,0.006227145921021483,1.605202865600586,0.037016051462391106,chebyshev,19,distance,"{'KNN__metric': 'chebyshev', 'KNN__n_neighbors': 19, 'KNN__weights': 'distance'}",0.7179069070220636,0.7167701434999032,0.6996515077179867,0.728615474646368,0.7352662447976033,0.7196399546306986,0.012128054417881267,70,0.9846598492584955,0.9873231334396383,0.9869618311365884,0.9862299862299861,0.9869959960869052,0.9864341592303226,0.0009564764428982952
0.20562524795532228,0.022346101422737838,1.695852565765381,0.07234646324161431,chebyshev,22,uniform,"{'KNN__metric': 'chebyshev', 'KNN__n_neighbors': 22, 'KNN__weights': 'uniform'}",0.7103865045859725,0.7079709752720632,0.697507913533408,0.7259859988383315,0.7293583310405666,0.7142394940492622,0.011836898616787035,81,0.7411787120302862,0.7383081363663887,0.7448963526633429,0.734463461736189,0.7356774811320266,0.7389048287856467,0.003783291143324578
0.18147869110107423,0.008687426762937128,1.612081480026245,0.040282888995274706,chebyshev,22,distance,"{'KNN__metric': 'chebyshev', 'KNN__n_neighbors': 22, 'KNN__weights': 'distance'}",0.7116554472151241,0.7103319406445712,0.6990369321505083,0.7290067734877567,0.7329883265423769,0.716601192467553,0.012606414270716846,75,0.9846598492584955,0.9873231334396383,0.9869618311365884,0.9862299862299861,0.9869959960869052,0.9864341592303226,0.0009564764428982952
0.19820165634155273,0.02632922198408683,1.7278015613555908,0.07605183816518488,chebyshev,25,uniform,"{'KNN__metric': 'chebyshev', 'KNN__n_neighbors': 25, 'KNN__weights': 'uniform'}",0.7012947398144693,0.6945624902881348,0.6962713420968552,0.717567833138994,0.7203754896694485,0.7060119349131814,0.010844275656338356,91,0.7307524173609015,0.7202934824294047,0.7284459964071613,0.7173108082198991,0.7209452573088937,0.723549592345252,0.0051412586216214706
0.1809236526489258,0.0061703347445481145,1.6305249691009522,0.029182805111418176,chebyshev,25,distance,"{'KNN__metric': 'chebyshev', 'KNN__n_neighbors': 25, 'KNN__weights': 'distance'}",0.7133165767832303,0.7075737708925139,0.6992992616363425,0.7305815766373629,0.7300120970735563,0.7161541737228139,0.012376267649822892,76,0.9846598492584955,0.9873231334396383,0.9869618311365884,0.9862299862299861,0.9869959960869052,0.9864341592303226,0.0009564764428982952
0.18544540405273438,0.00941571449209522,1.699067974090576,0.025570553160032226,chebyshev,28,uniform,"{'KNN__metric': 'chebyshev', 'KNN__n_neighbors': 28, 'KNN__weights': 'uniform'}",0.7035241046807945,0.6996440874163907,0.6985947694730539,0.7219948379996594,0.7297050847013508,0.7106895863291848,0.012719429724265525,85,0.7293875422358693,0.722714611549563,0.7320913146155864,0.7203028203028203,0.7267266449084631,0.7262445867224605,0.004290922730999757
0.20166115760803222,0.010963792098200842,1.7221209526062011,0.07372332929353465,chebyshev,28,distance,"{'KNN__metric': 'chebyshev', 'KNN__n_neighbors': 28, 'KNN__weights': 'distance'}",0.7146282242124014,0.7048156011404567,0.6969758342601435,0.7237923670522881,0.7318939125953681,0.7144190626831843,0.012567193931185484,80,0.9846598492584955,0.9873231334396383,0.9869618311365884,0.9862299862299861,0.9869959960869052,0.9864341592303226,0.0009564764428982952
0.21523723602294922,0.03352223933588892,1.824603223800659,0.1435727901536552,chebyshev,31,uniform,"{'KNN__metric': 'chebyshev', 'KNN__n_neighbors': 31, 'KNN__weights': 'uniform'}",0.6966617047756167,0.6969684139585477,0.6832225234961669,0.7147697843925914,0.720241854127635,0.70236998579128,0.013427148783694975,97,0.7204156262784277,0.7140776699029127,0.7199331893506651,0.7170952989134808,0.7083945265763447,0.7159832622043663,0.00442051109804918
0.1931748390197754,0.01933239096555627,1.694504737854004,0.07809391298770436,chebyshev,31,distance,"{'KNN__metric': 'chebyshev', 'KNN__n_neighbors': 31, 'KNN__weights': 'distance'}",0.7060166705594851,0.7072664831087747,0.6922464832135319,0.7205091252112621,0.7263327524991156,0.7104718814325368,0.011954300516892532,86,0.9846598492584955,0.9873231334396383,0.9869618311365884,0.9862299862299861,0.9869959960869052,0.9864341592303226,0.0009564764428982952
0.19422416687011718,0.009657340387271125,1.7616528511047362,0.08440591859585071,chebyshev,34,uniform,"{'KNN__metric': 'chebyshev', 'KNN__n_neighbors': 34, 'KNN__weights': 'uniform'}",0.7006393518631493,0.6985498111751488,0.6905376314048115,0.7105703093269746,0.7230049654774849,0.7046581579448472,0.011174246218180677,94,0.7232760845105966,0.7161163030095069,0.7183265042488343,0.7164306073396982,0.7143603870876599,0.7177019772392592,0.0030580279522509357
0.1812732219696045,0.006772985200880248,1.630307960510254,0.02250946009498005,chebyshev,34,distance,"{'KNN__metric': 'chebyshev', 'KNN__n_neighbors': 34, 'KNN__weights': 'distance'}",0.7051425294488814,0.7056475478958645,0.693603088940608,0.7202021128390564,0.7271646992545232,0.7103494528094257,0.011911372614775755,87,0.9846598492584955,0.9873231334396383,0.9869618311365884,0.9862299862299861,0.9869959960869052,0.9864341592303226,0.0009564764428982952
0.19075193405151367,0.014503441312463516,1.7300000190734863,0.0733346933597492,chebyshev,37,uniform,"{'KNN__metric': 'chebyshev', 'KNN__n_neighbors': 37, 'KNN__weights': 'uniform'}",0.6904982691483094,0.689833139241523,0.6803744371482996,0.7092929107655219,0.719890296574825,0.6979745628393292,0.014423655240808181,100,0.7106738157474792,0.7081040712108673,0.7131915709585612,0.7052438143347234,0.7060631151540242,0.7086552774811311,0.0029432522803128952
0.1919559955596924,0.0041182177069201305,1.717632007598877,0.09229616433154642,chebyshev,37,distance,"{'KNN__metric': 'chebyshev', 'KNN__n_neighbors': 37, 'KNN__weights': 'distance'}",0.706497753204603,0.7006109090655135,0.6910622903764799,0.7159532887008092,0.7287840475847341,0.7085792915884629,0.012939592263995424,88,0.9846598492584955,0.9873231334396383,0.9869618311365884,0.9862299862299861,0.9869959960869052,0.9864341592303226,0.0009564764428982952
0.1862663745880127,0.009276216406700028,1.7361275672912597,0.05450572403472393,chebyshev,40,uniform,"{'KNN__metric': 'chebyshev', 'KNN__n_neighbors': 40, 'KNN__weights': 'uniform'}",0.6896677043642562,0.6940827896143714,0.6790252517228196,0.7114865425515654,0.7192810757224398,0.6987052906951132,0.014676220271768885,99,0.7143311287799438,0.7127999919262056,0.7204822073754112,0.7099956554502008,0.7087582087582087,0.7132734384579941,0.004109510200214386
0.1912259578704834,0.009182415516826657,1.6919506072998047,0.0560642435410917,chebyshev,40,distance,"{'KNN__metric': 'chebyshev', 'KNN__n_neighbors': 40, 'KNN__weights': 'distance'}",0.7012084586878994,0.6983773982851247,0.6899680141352381,0.7129325140513841,0.7257187277547045,0.705638485343319,0.012443622577607762,92,0.9846598492584955,0.9873231334396383,0.9869618311365884,0.9862299862299861,0.9869959960869052,0.9864341592303226,0.0009564764428982952
0.18639426231384276,0.01210852719921154,1.734074354171753,0.07665237893056298,chebyshev,43,uniform,"{'KNN__metric': 'chebyshev', 'KNN__n_neighbors': 43, 'KNN__weights': 'uniform'}",0.6892310695722198,0.6865503105177974,0.6812513422016122,0.7018053899668532,0.7129277101593581,0.6943506793338895,0.011482428297927331,101,0.7033576615725299,0.7082029751932665,0.7135760854207456,0.7033071214889396,0.6979438797620616,0.7052775446875087,0.005268302989399576
0.18847041130065917,0.0033535981757964505,1.6857662677764893,0.034507131887382615,chebyshev,43,distance,"{'KNN__metric': 'chebyshev', 'KNN__n_neighbors': 43, 'KNN__weights': 'distance'}",0.7017331176595677,0.6933857177526788,0.6874721738690152,0.7110061533489678,0.7245352234464868,0.70362406922253,0.013121956775418062,96,0.9846598492584955,0.9873231334396383,0.9869618311365884,0.9862299862299861,0.9869959960869052,0.9864341592303226,0.0009564764428982952
0.18937196731567382,0.010161779450746243,1.7868181228637696,0.06483935384628688,chebyshev,46,uniform,"{'KNN__metric': 'chebyshev', 'KNN__n_neighbors': 46, 'KNN__weights': 'uniform'}",0.6896241280377057,0.6919391954297927,0.6880417911385887,0.7071931732327136,0.7235696411492656,0.7000703095010962,0.013584943033550052,98,0.7090307700233712,0.7125819994752033,0.7154492057404679,0.7054218508763963,0.7038664038664039,0.7092700459963686,0.004317783179605584
0.1846132755279541,0.008113555136289701,1.6935187816619872,0.025192574743438095,chebyshev,46,distance,"{'KNN__metric': 'chebyshev', 'KNN__n_neighbors': 46, 'KNN__weights': 'distance'}",0.7064541768780525,0.6950496112634942,0.6871648860852759,0.7090352474659469,0.7263724937876942,0.7048133572718324,0.01335658645909422,93,0.9846598492584955,0.9873231334396383,0.9869618311365884,0.9862299862299861,0.9869959960869052,0.9864341592303226,0.0009564764428982952
0.2081514358520508,0.04320757047104192,1.9195040225982667,0.18148041096623738,chebyshev,49,uniform,"{'KNN__metric': 'chebyshev', 'KNN__n_neighbors': 49, 'KNN__weights': 'uniform'}",0.6864334694076756,0.6876445867590394,0.6788454185311993,0.6996165620728357,0.7162554971809887,0.6937562601744984,0.013067070808242744,102,0.7044647227069725,0.707404678763902,0.7089810871364269,0.7007133461678915,0.6944763399308854,0.7032080349412158,0.005195867299939513
0.21068167686462402,0.03556213071612145,1.8043084621429444,0.15671751118656943,chebyshev,49,distance,"{'KNN__metric': 'chebyshev', 'KNN__n_neighbors': 49, 'KNN__weights': 'distance'}",0.7005966470631299,0.6969758342601435,0.6891360673798305,0.7090352474659468,0.7225197723828614,0.7036505351832502,0.011397305178978285,95,0.9846598492584955,0.9873231334396383,0.9869618311365884,0.9862299862299861,0.9869959960869052,0.9864341592303226,0.0009564764428982952
